level,word,meaning,category
英検5級,afternoon,午後,基礎語
英検5級,animal,動物,動物
英検5級,apple,りんご,食べ物
英検5級,bad,悪い,基礎語
英検5級,bag,かばん,学校
英検5級,ball,ボール,基礎語
英検5級,banana,バナナ,食べ物
英検5級,baseball,野球,スポーツ
英検5級,basketball,バスケットボール,スポーツ
英検5級,beautiful,美しい,基礎語
英検5級,bed,ベッド,基礎語
英検5級,big,大きい,基礎語
英検5級,bike,自転車,乗り物
英検5級,bird,鳥,動物
英検5級,black,黒い,色
英検5級,blue,青い,色
英検5級,book,本,学校
英検5級,box,箱,基礎語
英検5級,boy,少年,人
英検5級,bread,パン,食べ物
英検5級,breakfast,朝食,食べ物
英検5級,brother,兄弟,家族
英検5級,bus,バス,乗り物
英検5級,busy,忙しい,基礎語
英検5級,buy,買う,基礎語
英検5級,cake,ケーキ,食べ物
英検5級,call,電話する,基礎語
英検5級,car,車,乗り物
英検5級,cat,猫,動物
英検5級,chair,いす,学校
英検5級,class,授業,学校
英検5級,classroom,教室,基礎語
英検5級,close,閉じる,基礎語
英検5級,cloudy,くもりの,天気
英検5級,cold,寒い,基礎語
英検5級,come,来る,基礎語
英検5級,computer,コンピューター,生活
英検5級,cook,料理する,基礎語
英検5級,cool,涼しい,基礎語
英検5級,cow,牛,動物
英検5級,cute,かわいい,形容詞
英検5級,dance,踊る,基礎語
英検5級,desk,机,学校
英検5級,dinner,夕食,食べ物
英検5級,dog,犬,動物
英検5級,door,ドア,基礎語
英検5級,drink,飲む,基礎語
英検5級,eat,食べる,基礎語
英検5級,egg,卵,食べ物
英検5級,eight,8,数
英検5級,english,英語,学校
英検5級,evening,夕方,基礎語
英検5級,fall,秋,季節
英検5級,family,家族,家族
英検5級,fast,速い,基礎語
英検5級,father,父,家族
英検5級,favorite,お気に入りの,基礎語
英検5級,fish,魚,動物
英検5級,five,5,数
英検5級,flower,花,基礎語
英検5級,food,食べ物,食べ物
英検5級,four,4,数
英検5級,free,自由な,基礎語
英検5級,friday,金曜日,時間
英検5級,friend,友だち,人
英検5級,fruit,果物,基礎語
英検5級,game,ゲーム,遊び
英検5級,girl,少女,人
英検5級,go,行く,基礎語
英検5級,good,よい,基礎語
英検5級,green,緑の,色
英検5級,guitar,ギター,音楽
英検5級,happy,幸せな,基礎語
英検5級,have,持っている,基礎語
英検5級,help,助ける,基礎語
英検5級,home,家,場所
英検5級,horse,馬,動物
英検5級,hospital,病院,場所
英検5級,hot,暑い,基礎語
英検5級,house,家,場所
英検5級,japan,日本,場所
英検5級,juice,ジュース,飲み物
英検5級,jump,跳ぶ,基礎語
英検5級,know,知っている,基礎語
英検5級,like,好き,基礎語
英検5級,listen,聞く,基礎語
英検5級,long,長い,基礎語
英検5級,look,見る,基礎語
英検5級,lunch,昼食,食べ物
英検5級,make,作る,基礎語
英検5級,man,男性,人
英検5級,map,地図,学校
英検5級,math,数学,学校
英検5級,meat,肉,基礎語
英検5級,milk,牛乳,飲み物
英検5級,monday,月曜日,時間
英検5級,month,月,時間
英検5級,moon,月,基礎語
英検5級,morning,朝,基礎語
英検5級,mother,母,家族
英検5級,music,音楽,学校
英検5級,name,名前,人
英検5級,new,新しい,基礎語
英検5級,nice,すてきな,基礎語
英検5級,night,夜,基礎語
英検5級,nine,9,数
英検5級,notebook,ノート,学校
英検5級,old,古い,基礎語
英検5級,one,1,数
英検5級,open,開ける,基礎語
英検5級,orange,オレンジ,基礎語
英検5級,paper,紙,基礎語
英検5級,parent,親,家族
英検5級,park,公園,場所
英検5級,pen,ペン,学校
英検5級,pencil,鉛筆,学校
英検5級,phone,電話,生活
英検5級,piano,ピアノ,音楽
英検5級,picture,絵,学校
英検5級,play,遊ぶ,基礎語
英検5級,rain,雨,基礎語
英検5級,rainy,雨の,天気
英検5級,read,読む,基礎語
英検5級,red,赤い,色
英検5級,rice,米,食べ物
英検5級,room,部屋,場所
英検5級,run,走る,基礎語
英検5級,sad,悲しい,基礎語
英検5級,saturday,土曜日,時間
英検5級,school,学校,場所
英検5級,see,見る,基礎語
英検5級,seven,7,数
英検5級,shop,店,場所
英検5級,short,短い,基礎語
英検5級,sing,歌う,基礎語
英検5級,sister,姉妹,家族
英検5級,six,6,数
英検5級,sky,空,基礎語
英検5級,slow,遅い,基礎語
英検5級,small,小さい,基礎語
英検5級,snow,雪,基礎語
英検5級,soccer,サッカー,スポーツ
英検5級,song,歌,音楽
英検5級,speak,話す,基礎語
英検5級,sport,スポーツ,スポーツ
英検5級,spring,春,季節
英検5級,star,星,基礎語
英検5級,station,駅,場所
英検5級,store,店,場所
英検5級,student,生徒,人
英検5級,study,勉強する,基礎語
英検5級,subject,科目,学校
英検5級,summer,夏,季節
英検5級,sun,太陽,基礎語
英検5級,sunday,日曜日,時間
英検5級,sunny,晴れた,天気
英検5級,swim,泳ぐ,基礎語
英検5級,table,テーブル,基礎語
英検5級,tea,お茶,飲み物
英検5級,teacher,先生,人
英検5級,ten,10,数
英検5級,tennis,テニス,スポーツ
英検5級,thank,感謝する,基礎語
英検5級,three,3,数
英検5級,thursday,木曜日,時間
英検5級,today,今日,基礎語
英検5級,tomorrow,明日,基礎語
英検5級,train,電車,乗り物
英検5級,tree,木,基礎語
英検5級,tuesday,火曜日,時間
英検5級,tv,テレビ,生活
英検5級,two,2,数
英検5級,walk,歩く,基礎語
英検5級,want,欲しい,基礎語
英検5級,warm,暖かい,基礎語
英検5級,watch,見る,基礎語
英検5級,water,水,飲み物
英検5級,wednesday,水曜日,時間
英検5級,week,週,時間
英検5級,white,白い,色
英検5級,window,窓,基礎語
英検5級,winter,冬,季節
英検5級,woman,女性,人
英検5級,write,書く,基礎語
英検5級,year,年,時間
英検5級,yellow,黄色の,色
英検5級,yesterday,昨日,基礎語
英検4級,able,できる,初級重要語
英検4級,above,上に,初級重要語
英検4級,across,横切って,初級重要語
英検4級,afraid,恐れて,初級重要語
英検4級,again,再び,副詞
英検4級,ago,前に,初級重要語
英検4級,airplane,飛行機,初級重要語
英検4級,airport,空港,初級重要語
英検4級,alone,ひとりで,副詞
英検4級,along,沿って,初級重要語
英検4級,already,すでに,初級重要語
英検4級,also,また,初級重要語
英検4級,another,別の,初級重要語
英検4級,answer,答え,初級重要語
英検4級,anything,何でも,初級重要語
英検4級,arrive,到着する,初級重要語
英検4級,ask,尋ねる,動詞
英検4級,aunt,おば,初級重要語
英検4級,autumn,秋,初級重要語
英検4級,bakery,パン屋,初級重要語
英検4級,bank,銀行,初級重要語
英検4級,bathroom,浴室,初級重要語
英検4級,beach,浜辺,初級重要語
英検4級,because,なぜなら,初級重要語
英検4級,become,なる,初級重要語
英検4級,believe,信じる,初級重要語
英検4級,between,間に,初級重要語
英検4級,bicycle,自転車,初級重要語
英検4級,borrow,借りる,初級重要語
英検4級,bottle,びん,初級重要語
英検4級,bridge,橋,初級重要語
英検4級,bring,持ってくる,初級重要語
英検4級,build,建てる,動詞
英検4級,building,建物,初級重要語
英検4級,business,仕事,初級重要語
英検4級,careful,注意深い,初級重要語
英検4級,carefully,注意深く,副詞
英検4級,carry,運ぶ,初級重要語
英検4級,catch,捕まえる,初級重要語
英検4級,change,変える,初級重要語
英検4級,cheap,安い,初級重要語
英検4級,child,子ども,名詞
英検4級,children,子どもたち,名詞
英検4級,choose,選ぶ,初級重要語
英検4級,city,市,初級重要語
英検4級,clean,きれいな,形容詞
英検4級,climb,登る,初級重要語
英検4級,clothes,服,初級重要語
英検4級,cloud,雲,天気
英検4級,coffee,コーヒー,初級重要語
英検4級,collect,集める,初級重要語
英検4級,concert,コンサート,初級重要語
英検4級,corner,角,初級重要語
英検4級,country,国,初級重要語
英検4級,cousin,いとこ,初級重要語
英検4級,culture,文化,初級重要語
英検4級,dangerous,危険な,初級重要語
英検4級,date,日付,時間
英検4級,daughter,娘,初級重要語
英検4級,decide,決める,動詞
英検4級,delicious,おいしい,初級重要語
英検4級,dentist,歯医者,初級重要語
英検4級,dictionary,辞書,初級重要語
英検4級,different,違った,初級重要語
英検4級,difficult,難しい,初級重要語
英検4級,dirty,汚い,形容詞
英検4級,doctor,医者,職業
英検4級,driver,運転手,職業
英検4級,during,間に,初級重要語
英検4級,each,それぞれ,初級重要語
英検4級,early,早い,初級重要語
英検4級,easy,簡単な,初級重要語
英検4級,email,メール,名詞
英検4級,empty,空の,形容詞
英検4級,enjoy,楽しむ,動詞
英検4級,enough,十分な,初級重要語
英検4級,everyone,みんな,初級重要語
英検4級,everything,すべて,初級重要語
英検4級,excited,わくわくした,初級重要語
英検4級,expensive,高価な,初級重要語
英検4級,farmer,農家,職業
英検4級,festival,祭り,初級重要語
英検4級,field,野原,自然
英検4級,finish,終える,初級重要語
英検4級,forest,森,初級重要語
英検4級,forget,忘れる,初級重要語
英検4級,full,いっぱいの,形容詞
英検4級,future,未来,初級重要語
英検4級,garden,庭,初級重要語
英検4級,give,与える,初級重要語
英検4級,grandfather,祖父,初級重要語
英検4級,grandmother,祖母,初級重要語
英検4級,grow,育つ,初級重要語
英検4級,guest,客,初級重要語
英検4級,guide,案内する,初級重要語
英検4級,happen,起こる,初級重要語
英検4級,health,健康,初級重要語
英検4級,hear,聞こえる,初級重要語
英検4級,heavy,重い,形容詞
英検4級,history,歴史,学校
英検4級,holiday,休日,初級重要語
英検4級,homework,宿題,学校
英検4級,hope,望む,動詞
英検4級,hospital,病院,初級重要語
英検4級,hotel,ホテル,場所
英検4級,hour,時間,時間
英検4級,however,しかしながら,初級重要語
英検4級,hungry,空腹の,形容詞
英検4級,idea,考え,名詞
英検4級,important,重要な,初級重要語
英検4級,interesting,おもしろい,初級重要語
英検4級,invite,招待する,初級重要語
英検4級,island,島,初級重要語
英検4級,join,参加する,動詞
英検4級,kind,親切な,形容詞
英検4級,lake,湖,自然
英検4級,language,言語,初級重要語
英検4級,later,あとで,副詞
英検4級,learn,学ぶ,動詞
英検4級,leave,去る,動詞
英検4級,letter,手紙,名詞
英検4級,library,図書館,場所
英検4級,light,軽い,形容詞
英検4級,local,地元の,初級重要語
英検4級,lose,負ける,動詞
英検4級,magazine,雑誌,初級重要語
英検4級,maybe,たぶん,初級重要語
英検4級,medicine,薬,初級重要語
英検4級,meet,会う,動詞
英検4級,message,伝言,初級重要語
英検4級,minute,分,時間
英検4級,mountain,山,自然
英検4級,move,動く,動詞
英検4級,museum,博物館,場所
英検4級,need,必要とする,動詞
英検4級,neighbor,近所の人,初級重要語
英検4級,never,決してない,副詞
英検4級,news,ニュース,名詞
英検4級,newspaper,新聞,初級重要語
英検4級,nurse,看護師,職業
英検4級,often,しばしば,初級重要語
英検4級,outside,外側に,初級重要語
英検4級,parent,親,初級重要語
英検4級,party,パーティー,初級重要語
英検4級,pay,支払う,動詞
英検4級,people,人々,名詞
英検4級,person,人,名詞
英検4級,place,場所,初級重要語
英検4級,plan,計画,名詞
英検4級,player,選手,職業
英検4級,popular,人気のある,初級重要語
英検4級,practice,練習する,初級重要語
英検4級,problem,問題,初級重要語
英検4級,question,質問,初級重要語
英検4級,quickly,すばやく,初級重要語
英検4級,ready,準備ができた,形容詞
英検4級,reason,理由,名詞
英検4級,remember,覚えている,初級重要語
英検4級,restaurant,レストラン,場所
英検4級,return,戻る,初級重要語
英検4級,river,川,自然
英検4級,road,道路,場所
英検4級,same,同じ,形容詞
英検4級,science,科学,学校
英検4級,sea,海,自然
英検4級,season,季節,初級重要語
英検4級,sell,売る,動詞
英検4級,send,送る,動詞
英検4級,show,見せる,動詞
英検4級,sick,病気の,形容詞
英検4級,singer,歌手,職業
英検4級,sky,空,自然
英検4級,slowly,ゆっくり,副詞
英検4級,sometimes,時々,副詞
英検4級,son,息子,家族
英検4級,soon,まもなく,副詞
英検4級,special,特別な,初級重要語
英検4級,start,始める,動詞
英検4級,story,物語,名詞
英検4級,street,通り,場所
英検4級,strong,強い,形容詞
英検4級,suddenly,突然,初級重要語
英検4級,surprised,驚いた,形容詞
英検4級,take,持っていく,動詞
英検4級,teach,教える,動詞
英検4級,tell,話す,動詞
英検4級,test,テスト,学校
英検4級,thing,物,名詞
英検4級,think,思う,動詞
英検4級,thirsty,のどが渇いた,形容詞
英検4級,time,時間,時間
英検4級,tired,疲れた,形容詞
英検4級,together,いっしょに,初級重要語
英検4級,town,町,場所
英検4級,travel,旅行する,初級重要語
英検4級,try,試す,動詞
英検4級,turn,曲がる,動詞
英検4級,use,使う,動詞
英検4級,usually,たいてい,副詞
英検4級,vacation,休暇,初級重要語
英検4級,village,村,場所
英検4級,visit,訪れる,動詞
英検4級,wait,待つ,動詞
英検4級,way,方法,名詞
英検4級,weak,弱い,形容詞
英検4級,weather,天気,初級重要語
英検4級,weekend,週末,初級重要語
英検4級,win,勝つ,動詞
英検4級,wind,風,天気
英検4級,without,なしで,初級重要語
英検4級,wonderful,すばらしい,初級重要語
英検4級,worker,働く人,職業
英検4級,world,世界,場所
英検4級,young,若い,形容詞
英検3級,accident,事故,中級重要語
英検3級,achieve,達成する,動作
英検3級,activity,活動,中級重要語
英検3級,adult,大人,人
英検3級,advice,助言,中級重要語
英検3級,against,反対して,前置詞
英検3級,agree,同意する,中級重要語
英検3級,airport,空港,旅行
英検3級,allow,許す,動作
英検3級,almost,ほとんど,中級重要語
英検3級,alone,一人で,状態
英検3級,although,だけれども,中級重要語
英検3級,amazing,すばらしい,形容詞
英検3級,among,の間で,中級重要語
英検3級,amount,量,数量
英検3級,appear,現れる,中級重要語
英検3級,area,地域,中級重要語
英検3級,article,記事,情報
英検3級,artist,芸術家,中級重要語
英検3級,attention,注意,中級重要語
英検3級,available,利用できる,形容詞
英検3級,avoid,避ける,中級重要語
英検3級,basic,基本的な,中級重要語
英検3級,battle,戦い,歴史
英検3級,belong,属する,中級重要語
英検3級,beyond,越えて,前置詞
英検3級,billion,十億,数量
英検3級,borrow,借りる,生活
英検3級,brain,脳,中級重要語
英検3級,bright,明るい,形容詞
英検3級,calendar,カレンダー,生活
英検3級,camera,カメラ,技術
英検3級,camp,キャンプ,余暇
英検3級,captain,主将,スポーツ
英検3級,careful,注意深い,形容詞
英検3級,castle,城,歴史
英検3級,cause,原因,中級重要語
英検3級,celebrate,祝う,文化
英検3級,century,世紀,歴史
英検3級,challenge,挑戦,生活
英検3級,chance,機会,中級重要語
英検3級,character,登場人物,中級重要語
英検3級,choice,選択,中級重要語
英検3級,climate,気候,自然
英検3級,collect,集める,動作
英検3級,college,大学,学校
英検3級,comfortable,快適な,形容詞
英検3級,common,よくある,形容詞
英検3級,communicate,伝え合う,社会
英検3級,community,地域社会,中級重要語
英検3級,compare,比べる,中級重要語
英検3級,competition,競争,中級重要語
英検3級,complete,完成した,中級重要語
英検3級,condition,状態,中級重要語
英検3級,confident,自信のある,中級重要語
英検3級,connect,つなぐ,動作
英検3級,continue,続ける,中級重要語
英検3級,control,制御する,中級重要語
英検3級,conversation,会話,中級重要語
英検3級,cost,費用,中級重要語
英検3級,courage,勇気,中級重要語
英検3級,create,作り出す,中級重要語
英検3級,creative,創造的な,中級重要語
英検3級,culture,文化,文化
英検3級,customer,客,中級重要語
英検3級,daily,毎日の,中級重要語
英検3級,danger,危険,安全
英検3級,decide,決める,動作
英検3級,decision,決定,中級重要語
英検3級,degree,程度,数量
英検3級,deliver,配達する,仕事
英検3級,dentist,歯医者,健康
英検3級,describe,説明する,中級重要語
英検3級,design,設計する,中級重要語
英検3級,develop,発達する,中級重要語
英検3級,difference,違い,中級重要語
英検3級,direction,方向,中級重要語
英検3級,discover,発見する,中級重要語
英検3級,discussion,議論,中級重要語
英検3級,disease,病気,中級重要語
英検3級,distance,距離,中級重要語
英検3級,divide,分ける,動作
英検3級,earthquake,地震,自然
英検3級,education,教育,中級重要語
英検3級,effect,影響,中級重要語
英検3級,effort,努力,中級重要語
英検3級,elderly,年配の,人
英検3級,electric,電気の,技術
英検3級,energy,エネルギー,中級重要語
英検3級,engine,エンジン,技術
英検3級,environment,環境,中級重要語
英検3級,especially,特に,中級重要語
英検3級,event,出来事,中級重要語
英検3級,exactly,正確に,副詞
英検3級,example,例,中級重要語
英検3級,excellent,すばらしい,中級重要語
英検3級,exchange,交換する,動作
英検3級,experience,経験,中級重要語
英検3級,experiment,実験,科学
英検3級,explain,説明する,中級重要語
英検3級,factory,工場,仕事
英検3級,fair,公平な,形容詞
英検3級,flight,飛行,旅行
英検3級,foreign,外国の,中級重要語
英検3級,forward,前方へ,副詞
英検3級,freedom,自由,中級重要語
英検3級,friendship,友情,人間関係
英検3級,general,一般的な,中級重要語
英検3級,generation,世代,社会
英検3級,goal,目標,中級重要語
英検3級,government,政府,中級重要語
英検3級,graduate,卒業する,学校
英検3級,habit,習慣,中級重要語
英検3級,harbor,港,場所
英検3級,harmful,有害な,中級重要語
英検3級,healthy,健康な,中級重要語
英検3級,history,歴史,歴史
英検3級,honest,正直な,性格
英検3級,however,しかしながら,接続詞
英検3級,human,人間,中級重要語
英検3級,imagine,想像する,中級重要語
英検3級,improve,改善する,中級重要語
英検3級,include,含む,中級重要語
英検3級,increase,増える,中級重要語
英検3級,information,情報,中級重要語
英検3級,insect,昆虫,自然
英検3級,instead,代わりに,中級重要語
英検3級,interest,関心,中級重要語
英検3級,international,国際的な,中級重要語
英検3級,interview,面接,中級重要語
英検3級,introduce,紹介する,中級重要語
英検3級,invent,発明する,中級重要語
英検3級,journey,旅,旅行
英検3級,knowledge,知識,中級重要語
英検3級,language,言語,学習
英検3級,laugh,笑う,感情
英検3級,law,法律,社会
英検3級,leader,指導者,人
英検3級,local,地元の,社会
英検3級,magazine,雑誌,情報
英検3級,manage,何とかする,動作
英検3級,meaning,意味,学習
英検3級,medicine,薬,健康
英検3級,member,一員,社会
英検3級,message,伝言,情報
英検3級,method,方法,学習
英検3級,moment,瞬間,時間
英検3級,natural,自然の,中級重要語
英検3級,nature,自然,自然
英検3級,necessary,必要な,中級重要語
英検3級,neighbor,近所の人,人
英検3級,nervous,緊張した,感情
英検3級,notice,気づく,動作
英検3級,object,物体,生活
英検3級,opinion,意見,中級重要語
英検3級,opportunity,機会,生活
英検3級,ordinary,普通の,形容詞
英検3級,organize,準備する,動作
英検3級,owner,所有者,人
英検3級,patient,患者,健康
英検3級,peace,平和,社会
英検3級,planet,惑星,科学
英検3級,pleasant,楽しい,形容詞
英検3級,pollution,汚染,中級重要語
英検3級,population,人口,中級重要語
英検3級,position,位置,場所
英検3級,possible,可能な,中級重要語
英検3級,prepare,準備する,中級重要語
英検3級,pressure,圧力,状態
英検3級,prize,賞,学校
英検3級,probably,おそらく,中級重要語
英検3級,produce,生産する,中級重要語
英検3級,protect,守る,中級重要語
英検3級,provide,提供する,動作
英検3級,purpose,目的,中級重要語
英検3級,quality,質,状態
英検3級,quite,かなり,副詞
英検3級,realize,気づく,動作
英検3級,reason,理由,生活
英検3級,receive,受け取る,中級重要語
英検3級,record,記録,情報
英検3級,recycle,再利用する,中級重要語
英検3級,reduce,減らす,中級重要語
英検3級,regular,定期的な,形容詞
英検3級,remain,残る,動作
英検3級,repair,修理する,生活
英検3級,reply,返事をする,情報
英検3級,research,研究,中級重要語
英検3級,result,結果,中級重要語
英検3級,review,復習する,学習
英検3級,safety,安全,中級重要語
英検3級,schedule,予定,生活
英検3級,science,科学,科学
英検3級,scientist,科学者,中級重要語
英検3級,search,探す,動作
英検3級,secret,秘密,生活
英検3級,select,選ぶ,動作
英検3級,serious,深刻な,中級重要語
英検3級,share,共有する,動作
英検3級,sightseeing,観光,旅行
英検3級,situation,状況,生活
英検3級,society,社会,中級重要語
英検3級,solution,解決策,中級重要語
英検3級,solve,解決する,動作
英検3級,sound,聞こえる,感覚
英検3級,space,宇宙,科学
英検3級,staff,職員,仕事
英検3級,stage,舞台,文化
英検3級,straight,まっすぐな,形容詞
英検3級,succeed,成功する,動作
英検3級,successful,成功した,中級重要語
英検3級,suggest,提案する,中級重要語
英検3級,support,支える,中級重要語
英検3級,surprise,驚き,感情
英検3級,technology,技術,中級重要語
英検3級,temperature,温度,自然
英検3級,terrible,ひどい,形容詞
英検3級,tradition,伝統,中級重要語
英検3級,traffic,交通,中級重要語
英検3級,training,訓練,学習
英検3級,trouble,困りごと,生活
英検3級,understand,理解する,中級重要語
英検3級,useful,役に立つ,中級重要語
英検3級,usual,いつもの,形容詞
英検3級,valuable,価値のある,形容詞
英検3級,volunteer,ボランティア,中級重要語
英検3級,waste,無駄にする,環境
英検3級,whole,全体の,数量
英検3級,wild,野生の,自然
英検3級,wonder,不思議に思う,感情
英検3級,worry,心配する,感情
英検3級,youth,若者,人
英検準2級,ability,能力,学習
英検準2級,academic,学問の,準二級重要語
英検準2級,access,利用する,準二級重要語
英検準2級,accomplish,成し遂げる,動作
英検準2級,accurate,正確な,形容詞
英検準2級,achieve,達成する,準二級重要語
英検準2級,adjust,調整する,準二級重要語
英検準2級,advantage,利点,準二級重要語
英検準2級,advertise,宣伝する,仕事
英検準2級,affect,影響する,準二級重要語
英検準2級,agriculture,農業,準二級重要語
英検準2級,alternative,代替の,準二級重要語
英検準2級,analysis,分析,準二級重要語
英検準2級,analyze,分析する,学習
英検準2級,announce,発表する,準二級重要語
英検準2級,annual,年1回の,準二級重要語
英検準2級,appeal,訴える,準二級重要語
英検準2級,applicant,応募者,仕事
英検準2級,application,申し込み,準二級重要語
英検準2級,apply,申し込む,仕事
英検準2級,appreciate,感謝する,準二級重要語
英検準2級,approach,取り組み,準二級重要語
英検準2級,appropriate,適切な,形容詞
英検準2級,argument,議論,準二級重要語
英検準2級,arrangement,手配,生活
英検準2級,article,記事,準二級重要語
英検準2級,aspect,側面,準二級重要語
英検準2級,associate,関連づける,準二級重要語
英検準2級,assume,仮定する,思考
英検準2級,atmosphere,大気,自然
英検準2級,authority,権威,準二級重要語
英検準2級,available,利用できる,準二級重要語
英検準2級,average,平均,準二級重要語
英検準2級,awareness,意識,準二級重要語
英検準2級,behavior,行動,社会
英検準2級,benefit,利益,準二級重要語
英検準2級,biodiversity,生物多様性,環境
英検準2級,broadcast,放送する,情報
英検準2級,calculate,計算する,学習
英検準2級,candidate,候補者,社会
英検準2級,capable,能力がある,形容詞
英検準2級,capacity,能力,準二級重要語
英検準2級,career,職業,準二級重要語
英検準2級,category,分類,準二級重要語
英検準2級,challenge,課題,準二級重要語
英検準2級,chemical,化学物質,科学
英検準2級,circumstance,状況,社会
英検準2級,citizen,市民,社会
英検準2級,climate,気候,準二級重要語
英検準2級,collapse,崩壊する,社会
英検準2級,combine,組み合わせる,準二級重要語
英検準2級,commercial,商業の,準二級重要語
英検準2級,commit,約束する,動作
英検準2級,committee,委員会,社会
英検準2級,common,共通の,準二級重要語
英検準2級,communicate,伝える,準二級重要語
英検準2級,community,地域社会,準二級重要語
英検準2級,compete,競争する,スポーツ
英検準2級,complex,複雑な,準二級重要語
英検準2級,concept,概念,準二級重要語
英検準2級,concern,心配,準二級重要語
英検準2級,conclusion,結論,準二級重要語
英検準2級,conference,会議,準二級重要語
英検準2級,confidence,自信,感情
英検準2級,conflict,対立,準二級重要語
英検準2級,conservation,保護,環境
英検準2級,consider,よく考える,準二級重要語
英検準2級,consistent,一貫した,準二級重要語
英検準2級,construction,建設,産業
英検準2級,consume,消費する,生活
英検準2級,consumer,消費者,準二級重要語
英検準2級,contact,連絡,情報
英検準2級,contain,含む,準二級重要語
英検準2級,context,文脈,準二級重要語
英検準2級,contract,契約,準二級重要語
英検準2級,contribute,貢献する,準二級重要語
英検準2級,convenient,便利な,準二級重要語
英検準2級,cooperate,協力する,準二級重要語
英検準2級,corporation,企業,仕事
英検準2級,cost,費用,準二級重要語
英検準2級,costume,衣装,文化
英検準2級,critical,重大な,形容詞
英検準2級,current,現在の,準二級重要語
英検準2級,debate,討論,準二級重要語
英検準2級,decline,減少する,準二級重要語
英検準2級,define,定義する,学習
英検準2級,demand,需要,準二級重要語
英検準2級,demonstrate,示す,準二級重要語
英検準2級,depend,頼る,準二級重要語
英検準2級,describe,説明する,準二級重要語
英検準2級,despite,にもかかわらず,前置詞
英検準2級,detect,見つける,科学
英検準2級,determine,決定する,動作
英検準2級,develop,発達する,準二級重要語
英検準2級,device,装置,技術
英検準2級,disadvantage,不利な点,準二級重要語
英検準2級,disaster,災害,準二級重要語
英検準2級,discuss,議論する,準二級重要語
英検準2級,distribution,分配,社会
英検準2級,document,文書,情報
英検準2級,domestic,国内の,社会
英検準2級,economic,経済の,社会
英検準2級,economy,経済,準二級重要語
英検準2級,effective,効果的な,準二級重要語
英検準2級,efficient,効率的な,準二級重要語
英検準2級,elderly,高齢の,準二級重要語
英検準2級,election,選挙,社会
英検準2級,emergency,緊急事態,安全
英検準2級,emission,排出,環境
英検準2級,emphasize,強調する,準二級重要語
英検準2級,encourage,励ます,準二級重要語
英検準2級,ensure,確実にする,動作
英検準2級,entertainment,娯楽,文化
英検準2級,environmental,環境の,準二級重要語
英検準2級,essential,不可欠な,準二級重要語
英検準2級,estimate,見積もる,数量
英検準2級,evaluate,評価する,準二級重要語
英検準2級,evidence,証拠,準二級重要語
英検準2級,expand,拡大する,準二級重要語
英検準2級,expert,専門家,準二級重要語
英検準2級,explore,探検する,動作
英検準2級,export,輸出する,仕事
英検準2級,facility,施設,社会
英検準2級,factor,要因,学習
英検準2級,financial,金融の,準二級重要語
英検準2級,flexible,柔軟な,形容詞
英検準2級,focus,集中する,動作
英検準2級,foundation,基礎,学習
英検準2級,framework,枠組み,準二級重要語
英検準2級,function,機能,技術
英検準2級,generation,世代,準二級重要語
英検準2級,global,世界的な,準二級重要語
英検準2級,guarantee,保証する,準二級重要語
英検準2級,harvest,収穫,産業
英検準2級,heritage,遺産,文化
英検準2級,household,世帯,生活
英検準2級,identify,特定する,学習
英検準2級,ignore,無視する,動作
英検準2級,impact,影響,準二級重要語
英検準2級,import,輸入する,仕事
英検準2級,increase,増える,準二級重要語
英検準2級,individual,個人,準二級重要語
英検準2級,industry,産業,準二級重要語
英検準2級,influence,影響,準二級重要語
英検準2級,injury,けが,健康
英検準2級,innovation,革新,準二級重要語
英検準2級,instruction,指示,学校
英検準2級,insurance,保険,社会
英検準2級,intellectual,知的な,学習
英検準2級,intend,つもりである,思考
英検準2級,international,国際的な,準二級重要語
英検準2級,interpret,解釈する,学習
英検準2級,investigate,調査する,学習
英検準2級,investment,投資,準二級重要語
英検準2級,issue,問題,準二級重要語
英検準2級,labor,労働,準二級重要語
英検準2級,lack,不足,準二級重要語
英検準2級,landscape,風景,自然
英検準2級,legal,法律の,準二級重要語
英検準2級,literature,文学,文化
英検準2級,maintain,維持する,準二級重要語
英検準2級,major,主要な,準二級重要語
英検準2級,manufacture,製造する,産業
英検準2級,material,材料,準二級重要語
英検準2級,measure,測定する,学習
英検準2級,medical,医療の,健康
英検準2級,mental,精神の,健康
英検準2級,method,方法,準二級重要語
英検準2級,migration,移住,準二級重要語
英検準2級,minimum,最小限,数量
英検準2級,minority,少数派,社会
英検準2級,motivate,動機づける,感情
英検準2級,negative,否定的な,準二級重要語
英検準2級,nutrition,栄養,健康
英検準2級,observation,観察,科学
英検準2級,obtain,得る,動作
英検準2級,occupation,職業,仕事
英検準2級,operate,操作する,技術
英検準2級,opportunity,機会,準二級重要語
英検準2級,organization,組織,準二級重要語
英検準2級,outcome,結果,準二級重要語
英検準2級,participate,参加する,準二級重要語
英検準2級,particular,特定の,形容詞
英検準2級,passenger,乗客,旅行
英検準2級,perform,行う,動作
英検準2級,permit,許可する,社会
英検準2級,perspective,見方,思考
英検準2級,physical,身体の,健康
英検準2級,policy,政策,準二級重要語
英検準2級,potential,可能性,準二級重要語
英検準2級,poverty,貧困,準二級重要語
英検準2級,predict,予測する,準二級重要語
英検準2級,preserve,保存する,準二級重要語
英検準2級,pressure,圧力,準二級重要語
英検準2級,previous,前の,時間
英検準2級,primary,主な,形容詞
英検準2級,principle,原則,準二級重要語
英検準2級,process,過程,準二級重要語
英検準2級,product,製品,準二級重要語
英検準2級,professional,専門職の,仕事
英検準2級,progress,進歩,社会
英検準2級,prohibit,禁止する,社会
英検準2級,promote,促進する,準二級重要語
英検準2級,proper,適切な,形容詞
英検準2級,proposal,提案,仕事
英検準2級,provide,提供する,準二級重要語
英検準2級,purchase,購入する,生活
英検準2級,quality,質,準二級重要語
英検準2級,quantity,量,数量
英検準2級,react,反応する,動作
英検準2級,recognize,認識する,準二級重要語
英検準2級,recommend,勧める,準二級重要語
英検準2級,reduce,減らす,準二級重要語
英検準2級,reflect,反映する,思考
英検準2級,region,地域,準二級重要語
英検準2級,regulation,規制,準二級重要語
英検準2級,relationship,関係,準二級重要語
英検準2級,relative,親類,人
英検準2級,reliable,信頼できる,準二級重要語
英検準2級,replace,取り替える,準二級重要語
英検準2級,represent,代表する,社会
英検準2級,require,必要とする,準二級重要語
英検準2級,research,研究,学習
英検準2級,resident,住民,社会
英検準2級,resource,資源,準二級重要語
英検準2級,responsibility,責任,社会
英検準2級,responsible,責任がある,準二級重要語
英検準2級,restrict,制限する,社会
英検準2級,result,結果,準二級重要語
英検準2級,retire,退職する,仕事
英検準2級,revise,修正する,学習
英検準2級,rural,田舎の,社会
英検準2級,security,安全保障,準二級重要語
英検準2級,significant,重要な,準二級重要語
英検準2級,similarity,類似点,学習
英検準2級,situation,状況,準二級重要語
英検準2級,social,社会の,準二級重要語
英検準2級,solution,解決策,準二級重要語
英検準2級,source,源,情報
英検準2級,specific,具体的な,準二級重要語
英検準2級,standard,基準,準二級重要語
英検準2級,statistic,統計,数量
英検準2級,strategy,戦略,準二級重要語
英検準2級,structure,構造,準二級重要語
英検準2級,suitable,適した,形容詞
英検準2級,supply,供給,仕事
英検準2級,surface,表面,科学
英検準2級,survey,調査,学習
英検準2級,sustainable,持続可能な,準二級重要語
英検準2級,technology,技術,準二級重要語
英検準2級,temporary,一時的な,時間
英検準2級,theory,理論,学習
英検準2級,therefore,したがって,準二級重要語
英検準2級,threat,脅威,準二級重要語
英検準2級,transportation,交通,準二級重要語
英検準2級,treatment,治療,健康
英検準2級,trend,傾向,準二級重要語
英検準2級,typical,典型的な,形容詞
英検準2級,urban,都市の,準二級重要語
英検準2級,variety,多様性,生活
英検準2級,various,さまざまな,準二級重要語
英検準2級,vehicle,乗り物,準二級重要語
英検準2級,voluntary,自発的な,社会
英検準2級,welfare,福祉,社会
英検準2級,whereas,一方で,接続詞
英検準2級,witness,目撃者,社会
英検2級,abandon,放棄する,二級頻出語
英検2級,abroad,海外へ,二級頻出語
英検2級,abstract,抽象的な,二級頻出語
英検2級,accompany,同行する,二級頻出語
英検2級,accomplish,成し遂げる,二級頻出語
英検2級,accuse,非難する,二級頻出語
英検2級,achieve,達成する,教育
英検2級,adapt,適応する,二級頻出語
英検2級,administration,管理,二級頻出語
英検2級,adopt,採用する,二級頻出語
英検2級,advance,進歩,二級頻出語
英検2級,advantage,利点,論理
英検2級,advertisement,広告,ビジネス
英検2級,agency,機関,二級頻出語
英検2級,agree,同意する,論理
英検2級,allow,許す,社会
英検2級,amount,量,日常
英検2級,analyze,分析する,二級頻出語
英検2級,ancient,古代の,文化
英検2級,animal,動物,環境
英検2級,appear,現れる,日常
英検2級,appropriate,適切な,二級頻出語
英検2級,argument,主張,論理
英検2級,art,芸術,文化
英検2級,artificial,人工の,二級頻出語
英検2級,assign,割り当てる,二級頻出語
英検2級,assumption,仮定,二級頻出語
英検2級,attempt,試み,二級頻出語
英検2級,attitude,態度,社会
英検2級,average,平均,数学
英検2級,avoid,避ける,日常
英検2級,behavior,行動,社会
英検2級,benefit,利益,社会
英検2級,biodiversity,生物多様性,二級頻出語
英検2級,budget,予算,経済
英検2級,capable,能力がある,二級頻出語
英検2級,career,職業,教育
英検2級,cause,原因,論理
英検2級,challenge,課題,社会
英検2級,characteristic,特徴,二級頻出語
英検2級,charity,慈善,社会
英検2級,choice,選択,日常
英検2級,circumstance,状況,二級頻出語
英検2級,citizen,市民,社会
英検2級,claim,主張する,二級頻出語
英検2級,climate,気候,環境
英検2級,commit,約束する,二級頻出語
英検2級,communication,意思疎通,社会
英検2級,community,地域社会,社会
英検2級,company,会社,ビジネス
英検2級,compare,比較する,論理
英検2級,compound,化合物,二級頻出語
英検2級,concentration,集中,二級頻出語
英検2級,concrete,具体的な,二級頻出語
英検2級,conduct,行う,二級頻出語
英検2級,connect,つなぐ,技術
英検2級,conservation,保護,二級頻出語
英検2級,consider,考慮する,論理
英検2級,constant,絶え間ない,二級頻出語
英検2級,constitute,構成する,二級頻出語
英検2級,construction,建設,二級頻出語
英検2級,contain,含む,科学
英検2級,continue,続ける,日常
英検2級,control,管理する,科学
英検2級,cost,費用,経済
英検2級,create,創造する,文化
英検2級,crime,犯罪,社会
英検2級,criticize,批判する,二級頻出語
英検2級,culture,文化,文化
英検2級,custom,習慣,文化
英検2級,customer,顧客,ビジネス
英検2級,damage,損害,環境
英検2級,data,データ,技術
英検2級,decade,10年間,二級頻出語
英検2級,decision,決定,日常
英検2級,define,定義する,二級頻出語
英検2級,degree,学位,教育
英検2級,demand,需要,経済
英検2級,depend,頼る,論理
英検2級,dependent,依存した,二級頻出語
英検2級,deposit,預金,二級頻出語
英検2級,describe,描写する,教育
英検2級,desert,砂漠,環境
英検2級,develop,発展する,社会
英検2級,device,装置,技術
英検2級,dimension,側面,二級頻出語
英検2級,disadvantage,不利な点,論理
英検2級,disagree,反対する,論理
英検2級,disaster,災害,災害
英検2級,discuss,議論する,教育
英検2級,disease,病気,医療
英検2級,diversity,多様性,二級頻出語
英検2級,donation,寄付,社会
英検2級,earthquake,地震,災害
英検2級,economy,経済,経済
英検2級,education,教育,教育
英検2級,effect,影響,論理
英検2級,effort,努力,日常
英検2級,elderly,高齢の,社会
英検2級,election,選挙,政治
英検2級,emergency,緊急事態,災害
英検2級,emission,排出,二級頻出語
英検2級,employee,従業員,ビジネス
英検2級,employment,雇用,経済
英検2級,energy,エネルギー,環境
英検2級,engage,従事する,二級頻出語
英検2級,enterprise,企業,二級頻出語
英検2級,entire,全体の,二級頻出語
英検2級,environment,環境,環境
英検2級,evidence,証拠,論理
英検2級,executive,幹部,二級頻出語
英検2級,exercise,運動,医療
英検2級,exist,存在する,論理
英検2級,experience,経験,教育
英検2級,experiment,実験,科学
英検2級,explain,説明する,教育
英検2級,failure,失敗,日常
英検2級,finance,金融,経済
英検2級,foreign,外国の,社会
英検2級,forest,森林,環境
英検2級,generation,世代,社会
英検2級,genetic,遺伝の,二級頻出語
英検2級,global,世界的な,社会
英検2級,goal,目標,教育
英検2級,government,政府,政治
英検2級,health,健康,医療
英検2級,hospital,病院,医療
英検2級,immigrant,移民,二級頻出語
英検2級,implement,実行する,二級頻出語
英検2級,improve,改善する,社会
英検2級,include,含む,論理
英検2級,income,収入,経済
英検2級,increase,増える,社会
英検2級,industry,産業,経済
英検2級,information,情報,技術
英検2級,infrastructure,基盤,二級頻出語
英検2級,international,国際的な,社会
英検2級,internet,インターネット,技術
英検2級,knowledge,知識,教育
英検2級,language,言語,教育
英検2級,law,法律,政治
英検2級,lead,導く,社会
英検2級,literature,文学,文化
英検2級,living,生活,社会
英検2級,local,地元の,社会
英検2級,machine,機械,技術
英検2級,manage,管理する,ビジネス
英検2級,market,市場,経済
英検2級,media,メディア,社会
英検2級,medical,医療の,医療
英検2級,medicine,薬,医療
英検2級,mental,精神の,医療
英検2級,method,方法,論理
英検2級,modern,現代の,文化
英検2級,native,生まれつきの,文化
英検2級,nature,自然,環境
英検2級,news,報道,社会
英検2級,nutrition,栄養,医療
英検2級,ocean,海洋,環境
英検2級,operate,操作する,技術
英検2級,opinion,意見,論理
英検2級,opportunity,機会,社会
英検2級,patient,患者,医療
英検2級,percent,パーセント,数学
英検2級,physical,身体の,医療
英検2級,plan,計画,日常
英検2級,plant,植物,環境
英検2級,policy,政策,政治
英検2級,pollution,汚染,環境
英検2級,population,人口,社会
英検2級,poverty,貧困,社会
英検2級,prefer,好む,日常
英検2級,prepare,準備する,日常
英検2級,prevent,防ぐ,医療
英検2級,price,価格,経済
英検2級,priority,優先事項,二級頻出語
英検2級,private,私的な,社会
英検2級,problem,問題,社会
英検2級,process,過程,論理
英検2級,produce,生産する,ビジネス
英検2級,product,製品,ビジネス
英検2級,profession,職業,ビジネス
英検2級,profit,利益,経済
英検2級,project,計画,ビジネス
英検2級,protect,保護する,環境
英検2級,provide,提供する,ビジネス
英検2級,public,公共の,社会
英検2級,quality,質,ビジネス
英検2級,quantity,量,科学
英検2級,rate,割合,数学
英検2級,reason,理由,論理
英検2級,receive,受け取る,日常
英検2級,recycle,再利用する,環境
英検2級,reduce,減らす,環境
英検2級,relationship,関係,社会
英検2級,remain,残る,論理
英検2級,renewable,再生可能な,環境
英検2級,repair,修理する,技術
英検2級,require,必要とする,社会
英検2級,rescue,救助する,災害
英検2級,research,研究,科学
英検2級,resource,資源,環境
英検2級,responsibility,責任,社会
英検2級,result,結果,論理
英検2級,rights,権利,社会
英検2級,river,川,環境
英検2級,rural,田舎の,社会
英検2級,safety,安全,社会
英検2級,scholarship,奨学金,教育
英検2級,science,科学,科学
英検2級,scientific,科学的な,二級頻出語
英検2級,scientist,科学者,科学
英検2級,service,サービス,ビジネス
英検2級,share,共有する,社会
英検2級,significant,重要な,二級頻出語
英検2級,skill,技能,教育
英検2級,society,社会,社会
英検2級,solar,太陽の,環境
英検2級,solution,解決策,社会
英検2級,species,種,環境
英検2級,spread,広がる,社会
英検2級,standard,基準,社会
英検2級,stress,ストレス,医療
英検2級,success,成功,日常
英検2級,suggest,提案する,論理
英検2級,supply,供給,経済
英検2級,support,支援する,社会
英検2級,sustainable,持続可能な,二級頻出語
英検2級,system,制度,社会
英検2級,tax,税金,経済
英検2級,technology,技術,技術
英検2級,trade,貿易,経済
英検2級,tradition,伝統,文化
英検2級,traffic,交通,社会
英検2級,training,訓練,教育
英検2級,transportation,交通機関,社会
英検2級,treatment,治療,医療
英検2級,university,大学,教育
英検2級,urban,都市の,社会
英検2級,value,価値,社会
英検2級,volunteer,ボランティア,社会
英検2級,waste,廃棄物,環境
英検2級,wealth,富,経済
英検2級,youth,若者,社会
英検1級,aberration,逸脱,一級頻出語
英検1級,abhor,ひどく嫌う,一級頻出語
英検1級,abstraction,抽象概念,評論
英検1級,accountability,説明責任,政治
英検1級,acquiesce,黙認する,一級頻出語
英検1級,admonish,忠告する,一級頻出語
英検1級,adversity,逆境,評論
英検1級,affluence,豊かさ,経済
英検1級,alleviate,軽減する,一級頻出語
英検1級,ambiguity,曖昧さ,評論
英検1級,ameliorate,改善する,一級頻出語
英検1級,amendment,修正条項,法律
英検1級,animosity,敵意,一級頻出語
英検1級,anomaly,異常,学術
英検1級,antagonize,敵対させる,一級頻出語
英検1級,apathy,無関心,一級頻出語
英検1級,appease,なだめる,一級頻出語
英検1級,apprehension,不安,心理
英検1級,arbitrary,任意の,一級頻出語
英検1級,arduous,困難な,一級頻出語
英検1級,ascertain,確かめる,一級頻出語
英検1級,assertion,主張,評論
英検1級,asymmetry,不均衡,評論
英検1級,atrocity,残虐行為,一級頻出語
英検1級,attain,達成する,評論
英検1級,augment,増やす,一級頻出語
英検1級,auspicious,幸先のよい,評論
英検1級,authoritarian,権威主義的な,政治
英検1級,autonomy,自律性,評論
英検1級,benchmark,基準,経済
英検1級,benevolent,慈悲深い,一級頻出語
英検1級,bewilder,当惑させる,一級頻出語
英検1級,bias,偏見,評論
英検1級,bilateral,二国間の,国際
英検1級,blatant,露骨な,一級頻出語
英検1級,bolster,強化する,一級頻出語
英検1級,bureaucracy,官僚制,政治
英検1級,calamity,災厄,時事
英検1級,circumvent,回避する,一級頻出語
英検1級,coalition,連立,政治
英検1級,coerce,強制する,一級頻出語
英検1級,coercion,強制,政治
英検1級,coherence,一貫性,評論
英検1級,cohesion,結束,社会
英検1級,compelling,説得力のある,評論
英検1級,complacency,自己満足,心理
英検1級,concession,譲歩,政治
英検1級,concur,同意する,一級頻出語
英検1級,concurrent,同時の,評論
英検1級,condemn,非難する,一級頻出語
英検1級,conjecture,推測,一級頻出語
英検1級,consensus,合意,政治
英検1級,consolidate,統合する,政治
英検1級,constituency,選挙区民,政治
英検1級,constraint,制約,政策
英検1級,contempt,軽蔑,一級頻出語
英検1級,contention,論争,評論
英検1級,contingency,不測事態,政策
英検1級,contradiction,矛盾,評論
英検1級,conventional,従来の,評論
英検1級,correlation,相関関係,学術
英検1級,corroborate,裏付ける,学術
英検1級,credence,信頼,評論
英検1級,credibility,信頼性,評論
英検1級,curb,抑える,一級頻出語
英検1級,curtail,抑制する,政策
英検1級,cynical,冷笑的な,一級頻出語
英検1級,daunting,気が遠くなる,一級頻出語
英検1級,deceptive,人を惑わす,一級頻出語
英検1級,deficiency,欠陥,学術
英検1級,deliberation,熟議,政治
英検1級,demographic,人口統計の,社会
英検1級,deprive,奪う,一級頻出語
英検1級,detrimental,有害な,一級頻出語
英検1級,deviation,逸脱,学術
英検1級,diminish,減少させる,評論
英検1級,discern,識別する,一級頻出語
英検1級,discourse,言説,評論
英検1級,discretion,裁量,法律
英検1級,disillusionment,幻滅,社会
英検1級,disparity,格差,社会
英検1級,displacement,移動,社会
英検1級,disrupt,混乱させる,一級頻出語
英検1級,disseminate,普及させる,時事
英検1級,distortion,ゆがみ,評論
英検1級,divergence,相違,評論
英検1級,diversification,多様化,経済
英検1級,divulge,漏らす,一級頻出語
英検1級,doctrine,教義,政治
英検1級,dominance,優位,政治
英検1級,ecological,生態学的な,環境
英検1級,elicit,引き出す,一級頻出語
英検1級,embargo,禁輸,国際
英検1級,emission,排出,環境
英検1級,empirical,経験的な,学術
英検1級,encroachment,侵害,法律
英検1級,endeavor,努力,評論
英検1級,endemic,特有の,社会
英検1級,entitlement,権利意識,社会
英検1級,entrench,定着させる,政治
英検1級,epidemic,流行病,医療
英検1級,equilibrium,均衡,経済
英検1級,equitable,公平な,社会
英検1級,eradicate,根絶する,政策
英検1級,erosion,侵食,環境
英検1級,escalate,激化する,時事
英検1級,ethics,倫理,評論
英検1級,exacerbate,悪化させる,一級頻出語
英検1級,exemplify,例証する,一級頻出語
英検1級,exonerate,無罪にする,一級頻出語
英検1級,expedite,早める,政策
英検1級,expenditure,支出,経済
英検1級,exploitation,搾取,社会
英検1級,feasibility,実現可能性,政策
英検1級,formidable,手ごわい,一級頻出語
英検1級,fragmentation,分断,社会
英検1級,framework,枠組み,評論
英検1級,futile,無益な,評論
英検1級,governance,統治,政治
英検1級,grievance,不満,政治
英検1級,hegemony,覇権,国際
英検1級,homogeneous,同質の,社会
英検1級,hypothesis,仮説,学術
英検1級,ideology,思想,政治
英検1級,impartial,公平な,法律
英検1級,impede,妨げる,一級頻出語
英検1級,imperative,不可欠な,評論
英検1級,impetus,推進力,評論
英検1級,implication,含意,評論
英検1級,incentive,誘因,経済
英検1級,incumbent,現職の,政治
英検1級,indigenous,先住の,社会
英検1級,induce,引き起こす,一級頻出語
英検1級,inequality,不平等,社会
英検1級,inevitable,避けられない,評論
英検1級,inference,推論,学術
英検1級,infrastructure,基盤設備,社会
英検1級,inhibit,妨げる,学術
英検1級,insidious,潜行性の,評論
英検1級,institutional,制度上の,社会
英検1級,integrity,誠実さ,倫理
英検1級,intervention,介入,政策
英検1級,intimidation,威嚇,政治
英検1級,intrinsic,本質的な,評論
英検1級,jeopardize,危険にさらす,一級頻出語
英検1級,jurisdiction,管轄権,法律
英検1級,legitimacy,正当性,政治
英検1級,liability,責任,法律
英検1級,lucrative,利益の多い,経済
英検1級,mandate,権限,政治
英検1級,manifestation,現れ,評論
英検1級,marginal,わずかな,経済
英検1級,marginalization,周縁化,社会
英検1級,mechanism,仕組み,学術
英検1級,mediation,仲裁,法律
英検1級,meritocracy,能力主義,社会
英検1級,mitigate,和らげる,一級頻出語
英検1級,mitigation,緩和,環境
英検1級,momentum,勢い,時事
英検1級,monopoly,独占,経済
英検1級,multilateral,多国間の,国際
英検1級,negligence,過失,法律
英検1級,negotiation,交渉,政治
英検1級,notion,概念,評論
英検1級,obligation,義務,法律
英検1級,obsolete,時代遅れの,技術
英検1級,obstruct,妨害する,一級頻出語
英検1級,oppression,抑圧,政治
英検1級,paradigm,枠組み,学術
英検1級,paradox,逆説,評論
英検1級,partisan,党派的な,政治
英検1級,perplex,困惑させる,一級頻出語
英検1級,pervasive,広く行き渡った,評論
英検1級,plausible,もっともらしい,評論
英検1級,pluralism,多元主義,政治
英検1級,polarization,二極化,政治
英検1級,pragmatic,実用的な,評論
英検1級,precarious,不安定な,社会
英検1級,precedent,前例,法律
英検1級,predisposition,傾向,心理
英検1級,proliferate,急増する,一級頻出語
英検1級,proliferation,拡散,国際
英検1級,proponent,支持者,政治
英検1級,proprietary,所有権のある,法律
英検1級,prosperity,繁栄,経済
英検1級,provision,条項,法律
英検1級,publicity,世間の注目,社会
英検1級,quell,鎮める,一級頻出語
英検1級,ramification,波及効果,評論
英検1級,rationale,根拠,評論
英検1級,reconciliation,和解,政治
英検1級,redundant,余分な,評論
英検1級,refugee,難民,国際
英検1級,regime,体制,政治
英検1級,regulation,規制,法律
英検1級,reinforce,強化する,評論
英検1級,reluctance,気乗りしなさ,心理
英検1級,remedy,救済策,法律
英検1級,renounce,放棄する,一級頻出語
英検1級,repercussion,反響,時事
英検1級,resentment,憤り,心理
英検1級,resilience,回復力,社会
英検1級,retaliation,報復,国際
英検1級,revoke,取り消す,一級頻出語
英検1級,rhetoric,修辞,評論
英検1級,sanction,制裁,政治
英検1級,scarcity,不足,経済
英検1級,scrutinize,精査する,一級頻出語
英検1級,scrutiny,精査,政治
英検1級,segregation,分離,社会
英検1級,skepticism,懐疑,評論
英検1級,solidarity,連帯,社会
英検1級,sovereignty,主権,政治
英検1級,stability,安定,政治
英検1級,stagnation,停滞,経済
英検1級,stereotype,固定観念,社会
英検1級,subordinate,従属的な,社会
英検1級,subsidy,補助金,経済
英検1級,substantiate,実証する,一級頻出語
英検1級,superficial,表面的な,評論
英検1級,suppression,抑圧,政治
英検1級,surpass,上回る,一級頻出語
英検1級,sustainability,持続可能性,環境
英検1級,tangible,明白な,評論
英検1級,taxation,課税,経済
英検1級,tenure,在任期間,政治
英検1級,threshold,基準値,学術
英検1級,thwart,妨げる,一級頻出語
英検1級,transition,移行,社会
英検1級,transparency,透明性,政治
英検1級,ubiquitous,遍在する,一級頻出語
英検1級,undermine,弱体化させる,評論
英検1級,unprecedented,前例のない,時事
英検1級,validity,妥当性,学術
英検1級,vested,既得の,政治
英検1級,viability,実行可能性,政策
英検1級,vindicate,正当性を証明する,一級頻出語
英検1級,volatile,不安定な,経済
英検1級,vulnerability,脆弱性,社会
英検1級,withhold,差し控える,法律
